id,query,expected,simple_ans,agent_ans,simple_acc,agent_acc,faithfulness,relevancy,context_precision
1,What was the Total GAAP gross margin in Q2-2025?,17.2%,"Metric: Total GAAP gross margin. Values: Q2-2024 was 18.0%; Q3-2024 was 19.8%; Q4-2024 was 16.3%; Q1-2025 was 16.3%; Q2-2025 was 17.2%. 

The Total GAAP gross margin in Q2-2025 was 17.2%.",I encountered an error processing the request.,1,0,1.0,0.0,1.0
2,Calculate the percentage change in Total automotive revenues from Q2-2024 to Q2-2025.,-16%,"To calculate the percentage change, we need the values for Q2-2024 and Q2-2025.

Metric: Total automotive revenues. 
Values: Q2-2024 was 19,878; Q2-2025 was 16,661.

The percentage change can be calculated as: 
((Q2-2025 - Q2-2024) / Q2-2024) * 100
= ((16,661 - 19,878) / 19,878) * 100
= (-3,217 / 19,878) * 100
= -16.2%

The percentage change in Total automotive revenues from Q2-2024 to Q2-2025 is -16.2%.",I encountered an error processing the request.,0,0,1.0,0.0,1.0
3,What is the difference in Operating Expenses between Q2-2024 and Q2-2025?,-18 million,"Metric: Operating expenses. 
Values: Q2-2024 was 2,973; Q2-2025 was 2,955.
The difference in Operating Expenses between Q2-2024 and Q2-2025 is 18.",The difference in Operating Expenses between Q2-2024 and Q2-2025 is -18 million dollars.,0,1,1.0,1.0,1.0
4,How many Supercharger stations were added between Q2-2024 and Q2-2025?,904,"Metric: Supercharger stations. Values: Q2-2024 was 6,473; Q2-2025 was 7,377. 

To find the number of Supercharger stations added, subtract the value for Q2-2024 from the value for Q2-2025: 7,377 - 6,473 = 904.

So, 904 Supercharger stations were added between Q2-2024 and Q2-2025.",904,1,1,1.0,1.0,1.0
5,What represents the largest component of Total revenues in Q2-2025?,Total automotive revenues,"Metric: Total revenues. Values: Q2-2024 was 25,500; Q3-2024 was 25,182; Q4-2024 was 25,707; Q1-2025 was 19,335; Q2-2025 was 22,496.

To determine the largest component of Total revenues in Q2-2025, we need to examine the components of Total revenues. 

The components of Total revenues are: 
- Total automotive revenues 
- Energy generation and storage revenue 
- Services and other revenue

Metric: Total automotive revenues. Values: Q2-2024 was 19,878; Q3-2024 was 20,016; Q4-2024 was 19,798; Q1-2025 was 13,967; Q2-2025 was 16,661.

Metric: Energy generation and storage revenue. Values: Q2-2024 was 3,014; Q3-2024 was 2,376; Q4-2024 was 3,061; Q1-2025 was 2,730; Q2-2025 was 2,789.

Metric: Services and other revenue. Values: Q2-2024 was 2,608; Q3-2024 was 2,790; Q4-2024 was 2,848; Q1-2025 was 2,638; Q2-2025 was 3,046.

Comparing the values for Q2-2025, Total automotive revenues was 16,661, Energy generation and storage revenue was 2,789, and Services and other revenue was 3,046.

The largest component of Total revenues in Q2-2025 is Total automotive revenues, with a value of 16,661.","Total automotive revenues is the largest component of Total revenues in Q2-2025, with a value of $16,661 million.",1,1,1.0,1.0,1.0
6,Sum the Net income attributable to common stockholders (GAAP) for Q1-2025 and Q2-2025.,"1,581","Metric: Net income attributable to common stockholders (GAAP). 
Values: Q1-2025 was 409; Q2-2025 was 1,172. 
The sum of these values is 409 + 1,172 = 1,581.",The sum of Net income attributable to common stockholders (GAAP) for Q1-2025 and Q2-2025 is 1581.,1,1,1.0,1.0,1.0
7,"Based on the Outlook, when is the Cybercab scheduled for volume production?",2026,The Cybercab is scheduled for volume production starting in 2026.,I encountered an error processing the request.,1,0,1.0,0.0,1.0
8,What is the current installed annual vehicle capacity for Model Y in Berlin?,">375,000","Metric: Current Installed Annual Vehicle Capacity. Values: Model was Model Y; Region was Berlin; Capacity was >375,000. 

The answer is >375,000.","The current installed annual vehicle capacity for Model Y in Berlin is greater than 375,000.",1,1,1.0,1.0,1.0
9,Did the Average Selling Price (ASP) of vehicles increase or decrease YoY in Q2-2025?,Decrease,"Metric: Average Selling Price (ASP). Values: Q2-2024 was not provided; Q2-2025 was not provided. However, according to the context, the ASP (excl. FX impact) decreased due to mix. The exact YoY percentage change in Q2-2025 is not provided.",The information is insufficient to determine if the Average Selling Price (ASP) of vehicles increased or decreased year-over-year in Q2-2025.,1,1,1.0,1.0,1.0
10,Calculate the Free Cash Flow margin for Q2-2025 (Free Cash Flow divided by Total Revenues).,0.65%,"To calculate the Free Cash Flow margin for Q2-2025, we need to find the Free Cash Flow and Total Revenues for Q2-2025.

From the document snippet:
Table (Page 4):
| ($ in millions, except percentages and per share data) | Q2-2024 | Q3-2024 | Q4-2024 | Q1-2025 | Q2-2025 |
| --- | --- | --- | --- | --- | --- |
| Free Cash Flow | 1,340 | 2,742 | 2,034 | 664 | 146 |

The Free Cash Flow for Q2-2025 is 146.

To find the Total Revenues for Q2-2025, we need to add the Total automotive revenues, Energy generation and storage revenue, and Services and other revenue.

From the document snippet:
Table (Page 4):
| ($ in millions, except percentages and per share data) | Q2-2024 | Q3-2024 | Q4-2024 | Q1-2025 | Q2-2025 |
| --- | --- | --- | --- | --- | --- |
| Total automotive revenues | 19,878 | 20,016 | 19,798 | 13,967 | 16,661 |
| Energy generation and storage revenue | 3,014 | 2,376 | 3,061 | 2,730 | 2,789 |
| Services and other revenue | 2,608 | 2... 

Assuming the Services and other revenue for Q2-2025 is not provided, we will use the given data for Total automotive revenues and Energy generation and storage revenue.

Total Revenues for Q2-2025 = Total automotive revenues + Energy generation and storage revenue
= 16,661 + 2,789
= 19,450

Now, we can calculate the Free Cash Flow margin for Q2-2025:
Free Cash Flow margin = Free Cash Flow / Total Revenues
= 146 / 19,450
= 0.0075 or 0.75%

So, the Free Cash Flow margin for Q2-2025 is approximately 0.75%.",I encountered an error processing the request.,0,0,1.0,0.0,1.0
11,Which region has the status of 'Construction' for the Tesla Semi?,Nevada,"Metric: Current Installed Annual Vehicle Capacity. Values: Region was Nevada; Model was Tesla Semi; Status was Construction. 

The answer is: Nevada.",I encountered an error processing the request.,1,0,1.0,0.0,1.0
12,What was the total cost of revenues in Q2-2025?,"18,618","Metric: Total revenues. Values: Q2-2025 was 22,496; 
However, to find the total cost of revenues, we need to find the total gross profit first. 
Metric: Total gross profit. Values: Q2-2025 was 3,878.
Then, we can calculate the total cost of revenues by subtracting the total gross profit from the total revenues.
Total cost of revenues = Total revenues - Total gross profit
Total cost of revenues = 22,496 - 3,878
Total cost of revenues = 18,618

The answer is 18,618.",I encountered an error processing the request.,1,0,1.0,0.0,1.0
13,Calculate the difference in Research and development expenses between Q1-2025 and Q2-2025.,180,I could not find the data for that specific period.,I encountered an error processing the request.,0,0,1.0,0.0,1.0
14,How many Model 3/Y vehicles were delivered in Q2-2025?,"373,728","Metric: Model 3/Y deliveries. Values: Q2-2024 was 422,405; Q3-2024 was 439,975; Q4-2024 was 471,930; Q1-2025 was 323,800; Q2-2025 was 373,728. 

The answer is 373,728.","373,728",1,1,1.0,1.0,1.0
15,"Is the cash position (Cash, cash equivalents and investments) higher in Q2-2025 compared to Q2-2024?",Yes,"Metric: Cash, cash equivalents and investments. 
Values: Q2-2024 was 33,648; Q2-2025 was 36,782. 
Since 36,782 is greater than 33,648, the answer is yes.","Yes, the cash position is higher in Q2-2025 compared to Q2-2024.",1,1,1.0,1.0,1.0
16,What was the Adjusted EBITDA in Q2-2025?,"3,401","Metric: Adjusted EBITDA. Values: Q2-2024 was 3,674; Q3-2024 was 4,665; Q4-2024 was 4,333; Q1-2025 was 2,814; Q2-2025 was 3,401.

The Adjusted EBITDA in Q2-2025 was 3,401.",I encountered an error processing the request.,1,0,1.0,0.0,1.0
17,Calculate the percentage of Total Production that was Model 3/Y in Q2-2025.,96.7%,"Metric: Total Production. Values: Q2-2025 was 410,244; 
Metric: Model 3/Y production. Values: Q2-2025 was 396,835.

To calculate the percentage: (Model 3/Y production / Total Production) * 100
= (396,835 / 410,244) * 100
= 0.9667 * 100
= 96.67%

The Model 3/Y production was approximately 96.67% of the Total Production in Q2-2025.",I encountered an error processing the request.,1,0,1.0,0.0,1.0
18,What milestone did the Energy storage deployments achieve in Q2-2025?,12th consecutive quarterly record,"Metric: Energy storage deployments. Values: Q2-2024 was 9.4; Q3-2024 was 6.9; Q4-2024 was 11.0; Q1-2025 was 10.4; Q2-2025 was 9.6. 

According to the context, in Q2-2025, the Energy storage deployments achieved 9.6 GWh. However, the question asks for a ""milestone"", which is mentioned in the text as ""their 12th consecutive quarterly record"" but this is not specifically tied to Q2-2025 in the provided snippets. Since the exact milestone for Q2-2025 is not directly stated in the provided context regarding records, but we know the deployment value, the answer regarding milestones as asked is not directly answerable with the given data.",The Energy storage deployments achieved their 12th consecutive quarterly record in Q2-2025.,1,1,1.0,1.0,1.0
19,What is the total 'Global vehicle inventory (days of supply)' in Q2-2025?,24,"Metric: Global vehicle inventory (days of supply). Values: Q2-2024 was 18; Q3-2024 was 19; Q4-2024 was 12; Q1-2025 was 22; Q2-2025 was 24. 

The total 'Global vehicle inventory (days of supply)' in Q2-2025 is 24.",The total 'Global vehicle inventory (days of supply)' in Q2-2025 is 24.,1,1,1.0,1.0,1.0
20,Calculate the total vehicle production for the first half of 2025 (Q1+Q2).,"772,859","Metric: Total production. 
Values: Q1-2025 was 362,615; Q2-2025 was 410,244. 
To find the total vehicle production for the first half of 2025, we need to add the production of Q1-2025 and Q2-2025.
Total production for the first half of 2025 = 362,615 + 410,244 = 772,859.","The total vehicle production for the first half of 2025 is 772,859.",1,1,1.0,1.0,1.0
21,By how much did 'Services and other revenue' grow YoY in Q2-2025 (percentage)?,17%,"Metric: Services and other revenue. Values: Q2-2024 was 2,608; Q3-2024 was 2; Q4-2024 was 2,608; Q1-2025 was 2,608; Q2-2025 was 2,608. However, the exact YoY percentage growth for Q2-2025 is not provided in the given context. 

To calculate the growth, we would need the value for Q2-2024 and Q2-2025. Assuming the value for Q2-2025 is the same as the other Q2 value mentioned which is 2,608, and using the Q2-2024 value of 2,608, the growth would be 0% since both values are the same. 

However, without the explicit Q2-2025 value for 'Services and other revenue', I must rely on the data given. Since the specific Q2-2025 value for 'Services and other revenue' is not provided in the context, I could not find the data for that specific period to calculate the exact YoY growth percentage.",The 'Services and other revenue' grew by 16.79% year-over-year in Q2-2025.,0,0,1.0,1.0,1.0
22,What was the Operating Margin in Q2-2025?,4.1%,"Metric: Operating Margin. Values: Q2-2024 was 6.3%; Q3-2024 was 10.8%; Q4-2024 was 6.2%; Q1-2025 was 2.1%; Q2-2025 was 4.1%. 

The Operating Margin in Q2-2025 was 4.1%.",I encountered an error processing the request.,1,0,1.0,0.0,1.0
23,Calculate the difference between GAAP Net Income and Non-GAAP Net Income in Q2-2025.,221,"Metric: Net income attributable to common stockholders. Values: Q2-2025 was 1,393; 

Metric: Net income attributable to common stockholders (non-GAAP) is not directly available for Q2-2025 in the given context. However, we can find Net income attributable to common stockholders (GAAP) for Q2-2025 which is 1,393.

Since the non-GAAP value for Q2-2025 is not provided, I could not find the data for that specific period to calculate the difference between GAAP Net Income and Non-GAAP Net Income in Q2-2025.",The difference is 221,0,1,1.0,1.0,1.0
24,Which city launched the first Robotaxi service?,Austin,The first Robotaxi service was launched in Austin.,Austin,1,1,1.0,1.0,1.0
25,What is the Total GAAP gross margin difference (in bp) between Q2-2024 and Q2-2025?,-71 bp,"Metric: Total GAAP gross margin. 
Values: Q2-2024 was 18.0%; Q2-2025 was 17.2%. 
The difference is 0.8%. 
To convert the difference to basis points, we multiply by 100: 0.8% * 100 = 80 basis points.
The difference is 80 basis points, but since Q2-2025 is lower, it is a decrease, however the question only asks for the difference. 

The difference is 80 basis points.",The difference in GAAP gross margin between Q2-2024 and Q2-2025 is 80 basis points.,0,0,0.0,1.0,1.0
